{"cameraMode":{"drawMode":0,"name":"Shaded","section":"Shading Mode"},"sceneLighting":true,"audioPlay":false,"sceneViewState":{"showFog":true,"showMaterialUpdate":true,"showSkybox":true,"showFlares":true,"showImageEffects":true,"showParticleSystems":true},"in2DMode":false,"pivot":{"x":-9.949304580688477,"y":-1.3874090909957886,"z":20.135059356689454},"rotation":{"x":-0.1387745589017868,"y":0.3224892020225525,"z":-0.04785978049039841,"w":-0.9351213574409485},"size":12.445059776306153,"orthographic":false}